timestamp,type,price,executionId
1.649087731691e+18,WRITE,0.0001525,17b8ae49-0f7b-43af-90d6-7065f012afb3
1.649087731773e+24,INVOCATION,2e-05,17b8ae49-0f7b-43af-90d6-7065f012afb3
1.649087731773e+24,TIME,0.00332388,17b8ae49-0f7b-43af-90d6-7065f012afb3
1.649087731991e+18,WRITE,0.0001525,6e82fe1d-ca25-48c7-9513-e2eeb08e0382
1.649087732012e+24,INVOCATION,2e-05,6e82fe1d-ca25-48c7-9513-e2eeb08e0382
1.649087732012e+24,TIME,8.316000000000001e-05,6e82fe1d-ca25-48c7-9513-e2eeb08e0382
1.649087732151e+18,WRITE,0.0001525,8fd949ff-bcf7-4c17-99c0-9dd99717d0ba
1.649087732152e+24,INVOCATION,2e-05,8fd949ff-bcf7-4c17-99c0-9dd99717d0ba
1.649087732152e+24,TIME,5.25e-05,8fd949ff-bcf7-4c17-99c0-9dd99717d0ba
1.649087732276e+18,WRITE,0.0001525,99e755ba-e95b-4c99-a4a4-6635db642f70
1.649087732311e+24,INVOCATION,2e-05,99e755ba-e95b-4c99-a4a4-6635db642f70
1.649087732311e+24,TIME,5.4600000000000006e-05,99e755ba-e95b-4c99-a4a4-6635db642f70
1.649087732392e+18,WRITE,0.0001525,a7f3e4cb-6ae8-464b-a1bd-a578bb37ef58
1.649087732452e+24,INVOCATION,2e-05,a7f3e4cb-6ae8-464b-a1bd-a578bb37ef58
1.649087732452e+24,TIME,5.712000000000001e-05,a7f3e4cb-6ae8-464b-a1bd-a578bb37ef58
1.649087742494e+18,WRITE,0.0001525,e634fdb9-7c36-4f09-89b6-6e9ae869be67
1.649087742555e+24,INVOCATION,2e-05,e634fdb9-7c36-4f09-89b6-6e9ae869be67
1.649087742555e+24,TIME,0.0030135,e634fdb9-7c36-4f09-89b6-6e9ae869be67
1.649087742693e+18,WRITE,0.0001525,edac005b-aebb-4b16-b5f8-56290ae1c40f
1.6490877426940002e+24,INVOCATION,2e-05,edac005b-aebb-4b16-b5f8-56290ae1c40f
1.6490877426940002e+24,TIME,5.5440000000000005e-05,edac005b-aebb-4b16-b5f8-56290ae1c40f
1.649087742795e+18,WRITE,0.0001525,7c99da28-a329-4cb4-8ac8-cb2b73a10fbc
1.6490877428140002e+24,INVOCATION,2e-05,7c99da28-a329-4cb4-8ac8-cb2b73a10fbc
1.6490877428140002e+24,TIME,3.570000000000001e-05,7c99da28-a329-4cb4-8ac8-cb2b73a10fbc
1.649087742973e+18,WRITE,0.0001525,a7607198-288a-40db-8217-6473f180dede
1.6490877429769999e+24,INVOCATION,2e-05,a7607198-288a-40db-8217-6473f180dede
1.6490877429769999e+24,TIME,6.384e-05,a7607198-288a-40db-8217-6473f180dede
1.649087743115e+18,WRITE,0.0001525,750b4b63-df38-4d2a-9522-35abc3835f1d
1.649087743174e+24,INVOCATION,2e-05,750b4b63-df38-4d2a-9522-35abc3835f1d
1.649087743174e+24,TIME,7.266e-05,750b4b63-df38-4d2a-9522-35abc3835f1d
1.649087743271e+18,WRITE,0.0001525,9017e512-35f6-4a34-8444-2ff70d107479
1.649087743272e+24,INVOCATION,2e-05,9017e512-35f6-4a34-8444-2ff70d107479
1.649087743272e+24,TIME,5.208e-05,9017e512-35f6-4a34-8444-2ff70d107479
1.649087743372e+18,WRITE,0.0001525,c2f0b5d6-e8d9-40fd-8e6f-2130293949b2
1.649087743432e+24,INVOCATION,2e-05,c2f0b5d6-e8d9-40fd-8e6f-2130293949b2
1.649087743432e+24,TIME,5.4180000000000006e-05,c2f0b5d6-e8d9-40fd-8e6f-2130293949b2
1.649087743513e+18,WRITE,0.0001525,a923b715-a4ea-433b-942d-b5c9b0b3390c
1.649087743514e+24,INVOCATION,2e-05,a923b715-a4ea-433b-942d-b5c9b0b3390c
1.649087743514e+24,TIME,4.536e-05,a923b715-a4ea-433b-942d-b5c9b0b3390c
1.649087743713e+18,WRITE,0.0001525,d0c9c679-745b-477c-a844-c8a70748643e
1.6490877437139999e+24,INVOCATION,2e-05,d0c9c679-745b-477c-a844-c8a70748643e
1.6490877437139999e+24,TIME,6.93e-05,d0c9c679-745b-477c-a844-c8a70748643e
1.649087743875e+18,WRITE,0.0001525,1c419398-cd04-4b70-9a28-49b17db85b22
1.6490877439139998e+24,INVOCATION,2e-05,1c419398-cd04-4b70-9a28-49b17db85b22
1.6490877439139998e+24,TIME,6.93e-05,1c419398-cd04-4b70-9a28-49b17db85b22
1.649087744033e+18,WRITE,0.0001525,d65917e1-a715-444d-b94f-9a03c7d70ee9
1.649087744091e+24,INVOCATION,2e-05,d65917e1-a715-444d-b94f-9a03c7d70ee9
1.649087744091e+24,TIME,7.434e-05,d65917e1-a715-444d-b94f-9a03c7d70ee9
1.649087744155e+18,WRITE,0.0001525,e0070ada-0758-45c4-9a17-02c4522a3e1f
1.649087744173e+24,INVOCATION,2e-05,e0070ada-0758-45c4-9a17-02c4522a3e1f
1.649087744173e+24,TIME,4.1580000000000005e-05,e0070ada-0758-45c4-9a17-02c4522a3e1f
1.649087744335e+18,WRITE,0.0001525,af1494d1-7241-4065-b33a-d6dbcb625507
1.649087744354e+24,INVOCATION,2e-05,af1494d1-7241-4065-b33a-d6dbcb625507
1.649087744354e+24,TIME,6.972e-05,af1494d1-7241-4065-b33a-d6dbcb625507
1.649087744533e+18,WRITE,0.0001525,41f15166-5177-4fc7-96ef-bac669738252
1.649087744534e+24,INVOCATION,2e-05,41f15166-5177-4fc7-96ef-bac669738252
1.649087744534e+24,TIME,7.098e-05,41f15166-5177-4fc7-96ef-bac669738252
1.649087744635e+18,WRITE,0.0001525,f3d035ee-eaa2-411b-9e3e-f23023253de3
1.649087744674e+24,INVOCATION,2e-05,f3d035ee-eaa2-411b-9e3e-f23023253de3
1.649087744674e+24,TIME,4.6200000000000005e-05,f3d035ee-eaa2-411b-9e3e-f23023253de3
1.649087744775e+18,WRITE,0.0001525,b23161c4-0fdd-4f04-8163-93dc5ce5552c
1.649087744776e+24,INVOCATION,2e-05,b23161c4-0fdd-4f04-8163-93dc5ce5552c
1.649087744776e+24,TIME,3.024e-05,b23161c4-0fdd-4f04-8163-93dc5ce5552c
1.649087744875e+18,WRITE,0.0001525,786d9bf7-3ba2-43e9-b5b7-1e97def07fc7
1.6490877449139998e+24,INVOCATION,2e-05,786d9bf7-3ba2-43e9-b5b7-1e97def07fc7
1.6490877449139998e+24,TIME,4.368e-05,786d9bf7-3ba2-43e9-b5b7-1e97def07fc7
1.649087744992e+18,WRITE,0.0001525,b1db2d0c-18b0-4a1e-9f90-f6cb4bb9a17c
1.649087745031e+24,INVOCATION,2e-05,b1db2d0c-18b0-4a1e-9f90-f6cb4bb9a17c
1.649087745031e+24,TIME,5.1660000000000003e-05,b1db2d0c-18b0-4a1e-9f90-f6cb4bb9a17c
1.649087745151e+18,WRITE,0.0001525,44943fd8-a9bd-4688-b6b4-bb65c493e0a7
1.6490877451710001e+24,INVOCATION,2e-05,44943fd8-a9bd-4688-b6b4-bb65c493e0a7
1.6490877451710001e+24,TIME,4.998e-05,44943fd8-a9bd-4688-b6b4-bb65c493e0a7
1.649087745273e+18,WRITE,0.0001525,fe8ac374-aaec-495c-8dfc-105e7ccb7e1f
1.6490877452940002e+24,INVOCATION,2e-05,fe8ac374-aaec-495c-8dfc-105e7ccb7e1f
1.6490877452940002e+24,TIME,5.1660000000000003e-05,fe8ac374-aaec-495c-8dfc-105e7ccb7e1f
1.649087745453e+18,WRITE,0.0001525,1d62478d-99ba-4d36-9861-12000f957051
1.6490877454940002e+24,INVOCATION,2e-05,1d62478d-99ba-4d36-9861-12000f957051
1.6490877454940002e+24,TIME,7.77e-05,1d62478d-99ba-4d36-9861-12000f957051
1.649087746195e+18,WRITE,0.0001525,39865bc8-41da-4f67-a4a4-237dbedfe5a5
1.649087746254e+24,INVOCATION,2e-05,39865bc8-41da-4f67-a4a4-237dbedfe5a5
1.649087746254e+24,TIME,6.258e-05,39865bc8-41da-4f67-a4a4-237dbedfe5a5
1.649087747233e+18,WRITE,0.0001525,0d3595c2-460d-4c7b-b550-28071693ed2a
1.649087747236e+24,INVOCATION,2e-05,0d3595c2-460d-4c7b-b550-28071693ed2a
1.649087747236e+24,TIME,5.5440000000000005e-05,0d3595c2-460d-4c7b-b550-28071693ed2a
1.649087748153e+18,WRITE,0.0001525,63c3d334-2b50-4038-80db-02d488aa0215
1.649087748176e+24,INVOCATION,2e-05,63c3d334-2b50-4038-80db-02d488aa0215
1.649087748176e+24,TIME,3.3600000000000004e-05,63c3d334-2b50-4038-80db-02d488aa0215
1.649087749213e+18,WRITE,0.0001525,ab74b08a-fac0-45a6-a1b6-55ee357810b8
1.6490877492140002e+24,INVOCATION,2e-05,ab74b08a-fac0-45a6-a1b6-55ee357810b8
1.6490877492140002e+24,TIME,5.04e-05,ab74b08a-fac0-45a6-a1b6-55ee357810b8
1.649087750215e+18,WRITE,0.0001525,119ee297-7588-49d3-8dda-60cd40601960
1.649087750216e+24,INVOCATION,2e-05,119ee297-7588-49d3-8dda-60cd40601960
1.649087750216e+24,TIME,5.292e-05,119ee297-7588-49d3-8dda-60cd40601960
1.64908775116e+18,WRITE,0.0001525,c2eed489-3402-4606-9ecc-9256efb65144
1.6490877511740002e+24,INVOCATION,2e-05,c2eed489-3402-4606-9ecc-9256efb65144
1.6490877511740002e+24,TIME,2.7300000000000003e-05,c2eed489-3402-4606-9ecc-9256efb65144
1.649087752199e+18,WRITE,0.0001525,811591fd-5106-4abf-bc4d-77a955543965
1.6490877522339998e+24,INVOCATION,2e-05,811591fd-5106-4abf-bc4d-77a955543965
1.6490877522339998e+24,TIME,5.334e-05,811591fd-5106-4abf-bc4d-77a955543965
1.649087753173e+18,WRITE,0.0001525,5fdb7381-4d04-4efb-b3a9-1deb5cf209b0
1.6490877531939999e+24,INVOCATION,2e-05,5fdb7381-4d04-4efb-b3a9-1deb5cf209b0
1.6490877531939999e+24,TIME,3.822e-05,5fdb7381-4d04-4efb-b3a9-1deb5cf209b0
1.649087754195e+18,WRITE,0.0001525,31b1a484-860d-43d6-b4cc-6723b61188c4
1.6490877542540002e+24,INVOCATION,2e-05,31b1a484-860d-43d6-b4cc-6723b61188c4
1.6490877542540002e+24,TIME,6.636000000000001e-05,31b1a484-860d-43d6-b4cc-6723b61188c4
1.649087755213e+18,WRITE,0.0001525,707475b1-8cc1-4b7e-96e8-fb819f0a4bb4
1.649087755214e+24,INVOCATION,2e-05,707475b1-8cc1-4b7e-96e8-fb819f0a4bb4
1.649087755214e+24,TIME,5.4600000000000006e-05,707475b1-8cc1-4b7e-96e8-fb819f0a4bb4
1.649087756213e+18,WRITE,0.0001525,c7101e1e-7d6d-49ca-b523-bd94b987fb6d
1.649087756234e+24,INVOCATION,2e-05,c7101e1e-7d6d-49ca-b523-bd94b987fb6d
1.649087756234e+24,TIME,5.628e-05,c7101e1e-7d6d-49ca-b523-bd94b987fb6d
1.649087757213e+18,WRITE,0.0001525,5dab59df-7e40-43d0-878d-5c9f66ae4331
1.649087757234e+24,INVOCATION,2e-05,5dab59df-7e40-43d0-878d-5c9f66ae4331
1.649087757234e+24,TIME,5.5440000000000005e-05,5dab59df-7e40-43d0-878d-5c9f66ae4331
1.649087758139e+18,WRITE,0.0001525,a152afd2-8120-44ed-9a13-242b6de7b6ea
1.6490877581740002e+24,INVOCATION,2e-05,a152afd2-8120-44ed-9a13-242b6de7b6ea
1.6490877581740002e+24,TIME,3.276e-05,a152afd2-8120-44ed-9a13-242b6de7b6ea
1.649087759194e+18,WRITE,0.0001525,dcf4f4c5-8738-40dc-a9fc-91d8dfa4da51
1.6490877592339997e+24,INVOCATION,2e-05,dcf4f4c5-8738-40dc-a9fc-91d8dfa4da51
1.6490877592339997e+24,TIME,5.712000000000001e-05,dcf4f4c5-8738-40dc-a9fc-91d8dfa4da51
1.649087760195e+18,WRITE,0.0001525,7ddb0bde-2c98-4b4c-aa98-329e78f8c4d9
1.6490877602140002e+24,INVOCATION,2e-05,7ddb0bde-2c98-4b4c-aa98-329e78f8c4d9
1.6490877602140002e+24,TIME,4.578e-05,7ddb0bde-2c98-4b4c-aa98-329e78f8c4d9
1.649087761175e+18,WRITE,0.0001525,cdee4d92-6c10-4020-b897-fb93017d1b7a
1.649087761176e+24,INVOCATION,2e-05,cdee4d92-6c10-4020-b897-fb93017d1b7a
1.649087761176e+24,TIME,3.3600000000000004e-05,cdee4d92-6c10-4020-b897-fb93017d1b7a
1.649087762234e+18,WRITE,0.0001525,301fa97a-945d-4507-8fd3-b43c74890c66
1.6490877622339998e+24,INVOCATION,2e-05,301fa97a-945d-4507-8fd3-b43c74890c66
1.6490877622339998e+24,TIME,5.922e-05,301fa97a-945d-4507-8fd3-b43c74890c66
1.649087763255e+18,WRITE,0.0001525,daa16fd4-9693-4a1c-acb2-2b01da7a6631
1.649087763314e+24,INVOCATION,2e-05,daa16fd4-9693-4a1c-acb2-2b01da7a6631
1.649087763314e+24,TIME,8.82e-05,daa16fd4-9693-4a1c-acb2-2b01da7a6631
1.649087764175e+18,WRITE,0.0001525,582bb3c6-f5ed-46a0-ab7d-c1a21316de33
1.649087764214e+24,INVOCATION,2e-05,582bb3c6-f5ed-46a0-ab7d-c1a21316de33
1.649087764214e+24,TIME,4.746e-05,582bb3c6-f5ed-46a0-ab7d-c1a21316de33
1.649087765135e+18,WRITE,0.0001525,0336685d-fe31-4453-abf8-ac58496c4b25
1.6490877651740002e+24,INVOCATION,2e-05,0336685d-fe31-4453-abf8-ac58496c4b25
1.6490877651740002e+24,TIME,3.3180000000000004e-05,0336685d-fe31-4453-abf8-ac58496c4b25
1.649087766137e+18,WRITE,0.0001525,7cc4ec87-6cea-4558-8e2e-9beea5073e51
1.6490877661539998e+24,INVOCATION,2e-05,7cc4ec87-6cea-4558-8e2e-9beea5073e51
1.6490877661539998e+24,TIME,2.7720000000000002e-05,7cc4ec87-6cea-4558-8e2e-9beea5073e51
1.649087767213e+18,WRITE,0.0001525,a87952b8-96ca-4190-af95-852230635758
1.649087767214e+24,INVOCATION,2e-05,a87952b8-96ca-4190-af95-852230635758
1.649087767214e+24,TIME,4.6200000000000005e-05,a87952b8-96ca-4190-af95-852230635758
1.649087768175e+18,WRITE,0.0001525,b4329fc6-de31-4cf4-9834-1bf70efd1ce2
1.6490877682339998e+24,INVOCATION,2e-05,b4329fc6-de31-4cf4-9834-1bf70efd1ce2
1.6490877682339998e+24,TIME,5.712000000000001e-05,b4329fc6-de31-4cf4-9834-1bf70efd1ce2
1.649087769135e+18,WRITE,0.0001525,08598941-ed67-4748-afb3-8cfae8b8201a
1.649087769194e+24,INVOCATION,2e-05,08598941-ed67-4748-afb3-8cfae8b8201a
1.649087769194e+24,TIME,3.822e-05,08598941-ed67-4748-afb3-8cfae8b8201a
1.649087770173e+18,WRITE,0.0001525,2d55f231-46de-415b-bdde-05046d4b0062
1.6490877701939998e+24,INVOCATION,2e-05,2d55f231-46de-415b-bdde-05046d4b0062
1.6490877701939998e+24,TIME,3.738e-05,2d55f231-46de-415b-bdde-05046d4b0062
1.649087771114e+18,WRITE,0.0001525,58c579b8-83f1-4aa8-924a-9d5fac4f50eb
1.6490877711340001e+24,INVOCATION,2e-05,58c579b8-83f1-4aa8-924a-9d5fac4f50eb
1.6490877711340001e+24,TIME,1.764e-05,58c579b8-83f1-4aa8-924a-9d5fac4f50eb
1.649087772153e+18,WRITE,0.0001525,d30aadba-0feb-4517-a797-8195b63ade16
1.649087772194e+24,INVOCATION,2e-05,d30aadba-0feb-4517-a797-8195b63ade16
1.649087772194e+24,TIME,4.1580000000000005e-05,d30aadba-0feb-4517-a797-8195b63ade16
1.649087773153e+18,WRITE,0.0001525,03f8e777-d08e-40b1-accb-118802d37360
1.649087773174e+24,INVOCATION,2e-05,03f8e777-d08e-40b1-accb-118802d37360
1.649087773174e+24,TIME,3.066e-05,03f8e777-d08e-40b1-accb-118802d37360
1.649087774135e+18,WRITE,0.0001525,d593644e-aa6f-4d21-b49e-cbbcdd35fac5
1.649087774154e+24,INVOCATION,2e-05,d593644e-aa6f-4d21-b49e-cbbcdd35fac5
1.649087774154e+24,TIME,2.3100000000000002e-05,d593644e-aa6f-4d21-b49e-cbbcdd35fac5
1.649087775135e+18,WRITE,0.0001525,e076c70d-8362-4962-beec-773901794674
1.649087775194e+24,INVOCATION,2e-05,e076c70d-8362-4962-beec-773901794674
1.649087775194e+24,TIME,3.696e-05,e076c70d-8362-4962-beec-773901794674
1.649087776134e+18,WRITE,0.0001525,301db8ec-80b9-4e07-ad8b-270b238187f1
1.6490877761350002e+24,INVOCATION,2e-05,301db8ec-80b9-4e07-ad8b-270b238187f1
1.6490877761350002e+24,TIME,1.932e-05,301db8ec-80b9-4e07-ad8b-270b238187f1
1.649087777115e+18,WRITE,0.0001525,e0b37c28-fb07-409c-baf0-8ce521144bdf
1.649087777116e+24,INVOCATION,2e-05,e0b37c28-fb07-409c-baf0-8ce521144bdf
1.649087777116e+24,TIME,9.24e-06,e0b37c28-fb07-409c-baf0-8ce521144bdf
1.649087778122e+18,WRITE,0.0001525,ad214df2-e88b-459b-8027-69c5ed497ef9
1.6490877781230002e+24,INVOCATION,2e-05,ad214df2-e88b-459b-8027-69c5ed497ef9
1.6490877781230002e+24,TIME,7.56e-06,ad214df2-e88b-459b-8027-69c5ed497ef9
1.649087779114e+18,WRITE,0.0001525,98f398d8-25b6-4971-aa78-4f45fe183ee7
1.6490877791150002e+24,INVOCATION,2e-05,98f398d8-25b6-4971-aa78-4f45fe183ee7
1.6490877791150002e+24,TIME,7.140000000000001e-06,98f398d8-25b6-4971-aa78-4f45fe183ee7
1.649087780114e+18,WRITE,0.0001525,c1c02db9-55b9-4e2f-b538-85f5737e50aa
1.649087780115e+24,INVOCATION,2e-05,c1c02db9-55b9-4e2f-b538-85f5737e50aa
1.649087780115e+24,TIME,5.46e-06,c1c02db9-55b9-4e2f-b538-85f5737e50aa
1.649087781118e+18,WRITE,0.0001525,4b3a33b1-b079-4f4a-9d20-f74fa9ee0ad9
1.649087781154e+24,INVOCATION,2e-05,4b3a33b1-b079-4f4a-9d20-f74fa9ee0ad9
1.649087781154e+24,TIME,2.3520000000000002e-05,4b3a33b1-b079-4f4a-9d20-f74fa9ee0ad9
1.649087782134e+18,WRITE,0.0001525,3bfb3298-75a1-4890-9f0e-ad31f604ed60
1.649087782135e+24,INVOCATION,2e-05,3bfb3298-75a1-4890-9f0e-ad31f604ed60
1.649087782135e+24,TIME,1.764e-05,3bfb3298-75a1-4890-9f0e-ad31f604ed60
1.649087783095e+18,WRITE,0.0001525,3672fda1-2743-4449-ab6a-b969afd3df8d
1.649087783114e+24,INVOCATION,2e-05,3672fda1-2743-4449-ab6a-b969afd3df8d
1.649087783114e+24,TIME,1.092e-05,3672fda1-2743-4449-ab6a-b969afd3df8d
1.649087784114e+18,WRITE,0.0001525,9bb18fca-c4f6-4b9a-83ac-bab3d9ab0656
1.649087784115e+24,INVOCATION,2e-05,9bb18fca-c4f6-4b9a-83ac-bab3d9ab0656
1.649087784115e+24,TIME,8.400000000000001e-06,9bb18fca-c4f6-4b9a-83ac-bab3d9ab0656
1.649087785114e+18,WRITE,0.0001525,a062d15f-09d0-4a77-9f60-01f45710386f
1.649087785115e+24,INVOCATION,2e-05,a062d15f-09d0-4a77-9f60-01f45710386f
1.649087785115e+24,TIME,6.72e-06,a062d15f-09d0-4a77-9f60-01f45710386f
1.649087786112e+18,WRITE,0.0001525,790fe1e5-0965-4bb1-ae92-87fefe80b209
1.649087786114e+24,INVOCATION,2e-05,790fe1e5-0965-4bb1-ae92-87fefe80b209
1.649087786114e+24,TIME,3.78e-06,790fe1e5-0965-4bb1-ae92-87fefe80b209
1.649087787116e+18,WRITE,0.0001525,f4c56f78-e193-4ed1-8a65-0e7256b4d920
1.649087787117e+24,INVOCATION,2e-05,f4c56f78-e193-4ed1-8a65-0e7256b4d920
1.649087787117e+24,TIME,9.66e-06,f4c56f78-e193-4ed1-8a65-0e7256b4d920
1.649087788113e+18,WRITE,0.0001525,72e37bda-6597-4794-821d-94c64737b6f1
1.6490877881139998e+24,INVOCATION,2e-05,72e37bda-6597-4794-821d-94c64737b6f1
1.6490877881139998e+24,TIME,6.3e-06,72e37bda-6597-4794-821d-94c64737b6f1
1.649087789115e+18,WRITE,0.0001525,fd625284-0db9-43be-884e-65bfec1fe5c8
1.649087789116e+24,INVOCATION,2e-05,fd625284-0db9-43be-884e-65bfec1fe5c8
1.649087789116e+24,TIME,3.78e-06,fd625284-0db9-43be-884e-65bfec1fe5c8
1.649087790113e+18,WRITE,0.0001525,b8f3a97b-ec29-4aeb-9980-fe1a60fd0dee
1.649087790114e+24,INVOCATION,2e-05,b8f3a97b-ec29-4aeb-9980-fe1a60fd0dee
1.649087790114e+24,TIME,5.8800000000000005e-06,b8f3a97b-ec29-4aeb-9980-fe1a60fd0dee
1.649087791261e+18,WRITE,0.0001525,e33d8bda-3c3c-4252-8bae-4be2966b7399
1.649087791274e+24,INVOCATION,2e-05,e33d8bda-3c3c-4252-8bae-4be2966b7399
1.649087791274e+24,TIME,7.266e-05,e33d8bda-3c3c-4252-8bae-4be2966b7399
1.649087792111e+18,WRITE,0.0001525,933e4a3f-36af-430f-9eb8-2f3158293fa3
1.6490877921139997e+24,INVOCATION,2e-05,933e4a3f-36af-430f-9eb8-2f3158293fa3
1.6490877921139997e+24,TIME,4.2000000000000004e-06,933e4a3f-36af-430f-9eb8-2f3158293fa3
1.649087793096e+18,WRITE,0.0001525,609c6672-34b9-4355-8acf-626fe41e3c5b
1.649087793097e+24,INVOCATION,2e-05,609c6672-34b9-4355-8acf-626fe41e3c5b
1.649087793097e+24,TIME,3.78e-06,609c6672-34b9-4355-8acf-626fe41e3c5b
1.649087794114e+18,WRITE,0.0001525,fa6898f0-e89a-4288-a3ca-ea83379a9901
1.6490877941340002e+24,INVOCATION,2e-05,fa6898f0-e89a-4288-a3ca-ea83379a9901
1.6490877941340002e+24,TIME,1.4700000000000002e-05,fa6898f0-e89a-4288-a3ca-ea83379a9901
1.649087795114e+18,WRITE,0.0001525,4f9b5eaf-ff2e-4af9-8b39-db546c5d000d
1.649087795115e+24,INVOCATION,2e-05,4f9b5eaf-ff2e-4af9-8b39-db546c5d000d
1.649087795115e+24,TIME,8.82e-06,4f9b5eaf-ff2e-4af9-8b39-db546c5d000d
1.6490877961e+18,WRITE,0.0001525,a81036c2-3675-4751-8bd9-b40558390865
1.649087796114e+24,INVOCATION,2e-05,a81036c2-3675-4751-8bd9-b40558390865
1.649087796114e+24,TIME,9.24e-06,a81036c2-3675-4751-8bd9-b40558390865
1.649087797105e+18,WRITE,0.0001525,d26bbe71-68a4-48a7-99eb-df97162b7688
1.649087797114e+24,INVOCATION,2e-05,d26bbe71-68a4-48a7-99eb-df97162b7688
1.649087797114e+24,TIME,7.140000000000001e-06,d26bbe71-68a4-48a7-99eb-df97162b7688
1.649087798096e+18,WRITE,0.0001525,f09a42d3-9214-47be-a6e1-2150bd405f60
1.649087798097e+24,INVOCATION,2e-05,f09a42d3-9214-47be-a6e1-2150bd405f60
1.649087798097e+24,TIME,3.78e-06,f09a42d3-9214-47be-a6e1-2150bd405f60
1.649087799113e+18,WRITE,0.0001525,e667727f-383e-470e-bd61-171f950d52ed
1.649087799114e+24,INVOCATION,2e-05,e667727f-383e-470e-bd61-171f950d52ed
1.649087799114e+24,TIME,4.62e-06,e667727f-383e-470e-bd61-171f950d52ed
1.649087800135e+18,WRITE,0.0001525,a40f9c83-cadc-4781-aadd-e03b12109f94
1.6490878001539997e+24,INVOCATION,2e-05,a40f9c83-cadc-4781-aadd-e03b12109f94
1.6490878001539997e+24,TIME,2.646e-05,a40f9c83-cadc-4781-aadd-e03b12109f94
1.649087801159e+18,WRITE,0.0001525,09244f51-176f-4629-a290-bd273a1ba128
1.649087801176e+24,INVOCATION,2e-05,09244f51-176f-4629-a290-bd273a1ba128
1.649087801176e+24,TIME,3.108e-05,09244f51-176f-4629-a290-bd273a1ba128
1.649087802115e+18,WRITE,0.0001525,27d66fe6-ebd7-4726-9619-3007788dc35d
1.649087802116e+24,INVOCATION,2e-05,27d66fe6-ebd7-4726-9619-3007788dc35d
1.649087802116e+24,TIME,7.56e-06,27d66fe6-ebd7-4726-9619-3007788dc35d
1.649087803123e+18,WRITE,0.0001525,971513e0-1513-4aad-8e3e-4ab4ae927bac
1.649087803125e+24,INVOCATION,2e-05,971513e0-1513-4aad-8e3e-4ab4ae927bac
1.649087803125e+24,TIME,9.66e-06,971513e0-1513-4aad-8e3e-4ab4ae927bac
1.649087804097e+18,WRITE,0.0001525,f7d27cb9-4925-4cd3-8bf8-99b9a1aa1a85
1.649087804099e+24,INVOCATION,2e-05,f7d27cb9-4925-4cd3-8bf8-99b9a1aa1a85
1.649087804099e+24,TIME,4.62e-06,f7d27cb9-4925-4cd3-8bf8-99b9a1aa1a85
1.649087805115e+18,WRITE,0.0001525,1ada12b4-3356-41e7-b0c2-b07669d3a4f8
1.649087805154e+24,INVOCATION,2e-05,1ada12b4-3356-41e7-b0c2-b07669d3a4f8
1.649087805154e+24,TIME,2.1419999999999998e-05,1ada12b4-3356-41e7-b0c2-b07669d3a4f8
1.649087806114e+18,WRITE,0.0001525,7dccd86c-6348-4a8b-a0a4-b6fa405cc8c1
1.649087806134e+24,INVOCATION,2e-05,7dccd86c-6348-4a8b-a0a4-b6fa405cc8c1
1.649087806134e+24,TIME,1.722e-05,7dccd86c-6348-4a8b-a0a4-b6fa405cc8c1
1.649087807155e+18,WRITE,0.0001525,e6330996-18cb-494e-a8bf-82f7d768b0ee
1.649087807156e+24,INVOCATION,2e-05,e6330996-18cb-494e-a8bf-82f7d768b0ee
1.649087807156e+24,TIME,1.806e-05,e6330996-18cb-494e-a8bf-82f7d768b0ee
1.649087808116e+18,WRITE,0.0001525,44c12df1-55d1-421a-a823-c21db9ccf7dd
1.6490878081169998e+24,INVOCATION,2e-05,44c12df1-55d1-421a-a823-c21db9ccf7dd
1.6490878081169998e+24,TIME,3.78e-06,44c12df1-55d1-421a-a823-c21db9ccf7dd
1.649087809099e+18,WRITE,0.0001525,25eaacbf-8e12-4e9c-b4de-845d105acf88
1.649087809114e+24,INVOCATION,2e-05,25eaacbf-8e12-4e9c-b4de-845d105acf88
1.649087809114e+24,TIME,9.66e-06,25eaacbf-8e12-4e9c-b4de-845d105acf88
1.649087810103e+18,WRITE,0.0001525,72dda8cf-03d5-4873-aa02-7d63051672d3
1.649087810114e+24,INVOCATION,2e-05,72dda8cf-03d5-4873-aa02-7d63051672d3
1.649087810114e+24,TIME,7.56e-06,72dda8cf-03d5-4873-aa02-7d63051672d3
1.649087811115e+18,WRITE,0.0001525,8beae5d8-387c-4dc1-b573-5ac3fa9489ae
1.649087811116e+24,INVOCATION,2e-05,8beae5d8-387c-4dc1-b573-5ac3fa9489ae
1.649087811116e+24,TIME,9.66e-06,8beae5d8-387c-4dc1-b573-5ac3fa9489ae
1.649087812115e+18,WRITE,0.0001525,02379be1-ecae-4f2e-928a-5c1eaa887b44
1.649087812116e+24,INVOCATION,2e-05,02379be1-ecae-4f2e-928a-5c1eaa887b44
1.649087812116e+24,TIME,7.56e-06,02379be1-ecae-4f2e-928a-5c1eaa887b44
1.649087813114e+18,WRITE,0.0001525,f81f907f-b988-4f4e-a587-76801157c1e3
1.649087813115e+24,INVOCATION,2e-05,f81f907f-b988-4f4e-a587-76801157c1e3
1.649087813115e+24,TIME,9.66e-06,f81f907f-b988-4f4e-a587-76801157c1e3
1.649087814096e+18,WRITE,0.0001525,95c5faa6-f88c-4186-ad25-6f3e0e1afd81
1.6490878140969998e+24,INVOCATION,2e-05,95c5faa6-f88c-4186-ad25-6f3e0e1afd81
1.6490878140969998e+24,TIME,3.78e-06,95c5faa6-f88c-4186-ad25-6f3e0e1afd81
1.649087815115e+18,WRITE,0.0001525,37539032-ad65-4f12-b7d9-0afae2ea1124
1.649087815116e+24,INVOCATION,2e-05,37539032-ad65-4f12-b7d9-0afae2ea1124
1.649087815116e+24,TIME,8.400000000000001e-06,37539032-ad65-4f12-b7d9-0afae2ea1124
1.649087816114e+18,WRITE,0.0001525,a38d9030-f899-49a1-aa4e-a5331ae1a39a
1.6490878161150002e+24,INVOCATION,2e-05,a38d9030-f899-49a1-aa4e-a5331ae1a39a
1.6490878161150002e+24,TIME,5.04e-06,a38d9030-f899-49a1-aa4e-a5331ae1a39a
1.649087817135e+18,WRITE,0.0001525,326aab23-5a8b-4792-a17f-664a7c3d05aa
1.649087817174e+24,INVOCATION,2e-05,326aab23-5a8b-4792-a17f-664a7c3d05aa
1.649087817174e+24,TIME,3.234e-05,326aab23-5a8b-4792-a17f-664a7c3d05aa
1.649087818116e+18,WRITE,0.0001525,d2b9464f-e85b-4229-9b2c-c24e6747b180
1.649087818116e+24,INVOCATION,2e-05,d2b9464f-e85b-4229-9b2c-c24e6747b180
1.649087818116e+24,TIME,5.46e-06,d2b9464f-e85b-4229-9b2c-c24e6747b180
1.649087819101e+18,WRITE,0.0001525,a1287b67-3cbe-4818-9fc9-09f3e0f2ffc3
1.649087819114e+24,INVOCATION,2e-05,a1287b67-3cbe-4818-9fc9-09f3e0f2ffc3
1.649087819114e+24,TIME,8.82e-06,a1287b67-3cbe-4818-9fc9-09f3e0f2ffc3
1.649087820096e+18,WRITE,0.0001525,52459af7-7e86-4a49-9af5-459c452d60c7
1.649087820097e+24,INVOCATION,2e-05,52459af7-7e86-4a49-9af5-459c452d60c7
1.649087820097e+24,TIME,3.78e-06,52459af7-7e86-4a49-9af5-459c452d60c7
1.649087821114e+18,WRITE,0.0001525,9e5d68ec-977a-4c55-8625-b7262442fd43
1.649087821115e+24,INVOCATION,2e-05,9e5d68ec-977a-4c55-8625-b7262442fd43
1.649087821115e+24,TIME,7.140000000000001e-06,9e5d68ec-977a-4c55-8625-b7262442fd43
1.649087822116e+18,WRITE,0.0001525,981dbb27-6d72-4093-9d36-18d06f9ac096
1.649087822116e+24,INVOCATION,2e-05,981dbb27-6d72-4093-9d36-18d06f9ac096
1.649087822116e+24,TIME,7.56e-06,981dbb27-6d72-4093-9d36-18d06f9ac096
1.649087823115e+18,WRITE,0.0001525,580ba432-01df-409a-b442-d3b92c09681f
1.649087823116e+24,INVOCATION,2e-05,580ba432-01df-409a-b442-d3b92c09681f
1.649087823116e+24,TIME,5.04e-06,580ba432-01df-409a-b442-d3b92c09681f
1.649087824097e+18,WRITE,0.0001525,302e0e81-2915-430e-ab8f-69490f35a6f3
1.6490878240979998e+24,INVOCATION,2e-05,302e0e81-2915-430e-ab8f-69490f35a6f3
1.6490878240979998e+24,TIME,3.78e-06,302e0e81-2915-430e-ab8f-69490f35a6f3
1.649087825115e+18,WRITE,0.0001525,e537db71-cf79-4aaf-95bb-f494725c92ba
1.649087825116e+24,INVOCATION,2e-05,e537db71-cf79-4aaf-95bb-f494725c92ba
1.649087825116e+24,TIME,8.82e-06,e537db71-cf79-4aaf-95bb-f494725c92ba
1.649087826098e+18,WRITE,0.0001525,14b0fcba-36bb-4305-983a-b24b5a02423d
1.649087826114e+24,INVOCATION,2e-05,14b0fcba-36bb-4305-983a-b24b5a02423d
1.649087826114e+24,TIME,1.092e-05,14b0fcba-36bb-4305-983a-b24b5a02423d
1.649087827115e+18,WRITE,0.0001525,7a5360ff-8860-4cc1-b04a-85edce97b65f
1.649087827116e+24,INVOCATION,2e-05,7a5360ff-8860-4cc1-b04a-85edce97b65f
1.649087827116e+24,TIME,5.8800000000000005e-06,7a5360ff-8860-4cc1-b04a-85edce97b65f
1.649087828101e+18,WRITE,0.0001525,63267509-2dd1-490b-9f61-1c36377c6a94
1.649087828116e+24,INVOCATION,2e-05,63267509-2dd1-490b-9f61-1c36377c6a94
1.649087828116e+24,TIME,9.24e-06,63267509-2dd1-490b-9f61-1c36377c6a94
1.649087829117e+18,WRITE,0.0001525,5503f1e9-f184-4a38-ab34-39df677e8694
1.6490878291180002e+24,INVOCATION,2e-05,5503f1e9-f184-4a38-ab34-39df677e8694
1.6490878291180002e+24,TIME,3.78e-06,5503f1e9-f184-4a38-ab34-39df677e8694
1.649087830116e+18,WRITE,0.0001525,eb50074d-ac94-4630-972d-f4e3e1b6f35d
1.64908783012e+24,INVOCATION,2e-05,eb50074d-ac94-4630-972d-f4e3e1b6f35d
1.64908783012e+24,TIME,1.092e-05,eb50074d-ac94-4630-972d-f4e3e1b6f35d
1.649087831134e+18,WRITE,0.0001525,049cfba8-8eac-4e7f-bbf0-33ce064203c5
1.649087831141e+24,INVOCATION,2e-05,049cfba8-8eac-4e7f-bbf0-33ce064203c5
1.649087831141e+24,TIME,1.4700000000000002e-05,049cfba8-8eac-4e7f-bbf0-33ce064203c5
1.649087832115e+18,WRITE,0.0001525,afa380f0-05bb-4c5c-81d8-efe032c31846
1.649087832116e+24,INVOCATION,2e-05,afa380f0-05bb-4c5c-81d8-efe032c31846
1.649087832116e+24,TIME,1.0500000000000001e-05,afa380f0-05bb-4c5c-81d8-efe032c31846
1.649087833111e+18,WRITE,0.0001525,176ca113-62eb-4141-b122-1431bbf461c4
1.649087833114e+24,INVOCATION,2e-05,176ca113-62eb-4141-b122-1431bbf461c4
1.649087833114e+24,TIME,4.62e-06,176ca113-62eb-4141-b122-1431bbf461c4
1.649087834095e+18,WRITE,0.0001525,8f718bef-d70f-4730-86f4-08dc6ca2f6d2
1.649087834096e+24,INVOCATION,2e-05,8f718bef-d70f-4730-86f4-08dc6ca2f6d2
1.649087834096e+24,TIME,3.78e-06,8f718bef-d70f-4730-86f4-08dc6ca2f6d2
1.649087835114e+18,WRITE,0.0001525,a788d225-b78c-4bab-84d3-bb59264b43d6
1.6490878351139998e+24,INVOCATION,2e-05,a788d225-b78c-4bab-84d3-bb59264b43d6
1.6490878351139998e+24,TIME,8.82e-06,a788d225-b78c-4bab-84d3-bb59264b43d6
1.649087836115e+18,WRITE,0.0001525,e14d77dc-2a11-4338-9e8e-e37d31c2cfa6
1.649087836116e+24,INVOCATION,2e-05,e14d77dc-2a11-4338-9e8e-e37d31c2cfa6
1.649087836116e+24,TIME,6.3e-06,e14d77dc-2a11-4338-9e8e-e37d31c2cfa6
1.649087837101e+18,WRITE,0.0001525,32601dd0-a62e-4317-b35f-4dea36fcd1d0
1.649087837114e+24,INVOCATION,2e-05,32601dd0-a62e-4317-b35f-4dea36fcd1d0
1.649087837114e+24,TIME,8.82e-06,32601dd0-a62e-4317-b35f-4dea36fcd1d0
1.649087838134e+18,WRITE,0.0001525,6e2f6077-d9a2-4b7c-a680-3fb74f793f88
1.649087838135e+24,INVOCATION,2e-05,6e2f6077-d9a2-4b7c-a680-3fb74f793f88
1.649087838135e+24,TIME,2.016e-05,6e2f6077-d9a2-4b7c-a680-3fb74f793f88
1.649087839194e+18,WRITE,0.0001525,471278c2-58c8-4314-a99a-a87dd1770346
1.6490878391950001e+24,INVOCATION,2e-05,471278c2-58c8-4314-a99a-a87dd1770346
1.6490878391950001e+24,TIME,3.486e-05,471278c2-58c8-4314-a99a-a87dd1770346
1.649087840115e+18,WRITE,0.0001525,d8052e56-f88a-466b-bae9-451eaa2c6829
1.6490878401539998e+24,INVOCATION,2e-05,d8052e56-f88a-466b-bae9-451eaa2c6829
1.6490878401539998e+24,TIME,2.52e-05,d8052e56-f88a-466b-bae9-451eaa2c6829
1.649087841116e+18,WRITE,0.0001525,2d77b083-13a0-4283-9ccc-632a2d57c011
1.649087841118e+24,INVOCATION,2e-05,2d77b083-13a0-4283-9ccc-632a2d57c011
1.649087841118e+24,TIME,4.62e-06,2d77b083-13a0-4283-9ccc-632a2d57c011
1.649087842119e+18,WRITE,0.0001525,97c28864-b291-4cc5-85cf-2e562fa6d897
1.64908784212e+24,INVOCATION,2e-05,97c28864-b291-4cc5-85cf-2e562fa6d897
1.64908784212e+24,TIME,3.78e-06,97c28864-b291-4cc5-85cf-2e562fa6d897
1.649087843114e+18,WRITE,0.0001525,94721f57-0f9b-4bc3-a55f-e3d1e6730c2d
1.649087843114e+24,INVOCATION,2e-05,94721f57-0f9b-4bc3-a55f-e3d1e6730c2d
1.649087843114e+24,TIME,5.04e-06,94721f57-0f9b-4bc3-a55f-e3d1e6730c2d
1.649087844096e+18,WRITE,0.0001525,25520bf6-d163-464c-8db3-3060cbc555c4
1.649087844114e+24,INVOCATION,2e-05,25520bf6-d163-464c-8db3-3060cbc555c4
1.649087844114e+24,TIME,1.092e-05,25520bf6-d163-464c-8db3-3060cbc555c4
1.649087845114e+18,WRITE,0.0001525,99b2c535-b22a-4dc3-bdd2-b5d6df00f6e9
1.649087845115e+24,INVOCATION,2e-05,99b2c535-b22a-4dc3-bdd2-b5d6df00f6e9
1.649087845115e+24,TIME,3.78e-06,99b2c535-b22a-4dc3-bdd2-b5d6df00f6e9
1.649087846097e+18,WRITE,0.0001525,47958142-d6ed-44eb-b459-1364cc56e308
1.649087846098e+24,INVOCATION,2e-05,47958142-d6ed-44eb-b459-1364cc56e308
1.649087846098e+24,TIME,3.36e-06,47958142-d6ed-44eb-b459-1364cc56e308
1.649087847115e+18,WRITE,0.0001525,cb47e5f5-7913-4ae9-b207-d18c090a9317
1.649087847116e+24,INVOCATION,2e-05,cb47e5f5-7913-4ae9-b207-d18c090a9317
1.649087847116e+24,TIME,8.82e-06,cb47e5f5-7913-4ae9-b207-d18c090a9317
1.649087848101e+18,WRITE,0.0001525,987516ec-1d76-429c-a7a5-5035f8b3d6cb
1.6490878481139998e+24,INVOCATION,2e-05,987516ec-1d76-429c-a7a5-5035f8b3d6cb
1.6490878481139998e+24,TIME,8.400000000000001e-06,987516ec-1d76-429c-a7a5-5035f8b3d6cb
1.649087849109e+18,WRITE,0.0001525,0866c144-0551-4e69-b4ca-79f4442d74a8
1.6490878491139997e+24,INVOCATION,2e-05,0866c144-0551-4e69-b4ca-79f4442d74a8
1.6490878491139997e+24,TIME,5.46e-06,0866c144-0551-4e69-b4ca-79f4442d74a8
1.649087850108e+18,WRITE,0.0001525,68b4117a-2f83-40fb-a6bb-298da3aaa292
1.649087850114e+24,INVOCATION,2e-05,68b4117a-2f83-40fb-a6bb-298da3aaa292
1.649087850114e+24,TIME,6.3e-06,68b4117a-2f83-40fb-a6bb-298da3aaa292
1.649087851116e+18,WRITE,0.0001525,31d117ef-8ed0-49a5-8614-3ad4ffc891a6
1.649087851116e+24,INVOCATION,2e-05,31d117ef-8ed0-49a5-8614-3ad4ffc891a6
1.649087851116e+24,TIME,9.66e-06,31d117ef-8ed0-49a5-8614-3ad4ffc891a6
1.649087852106e+18,WRITE,0.0001525,88a2bf49-46ab-49cc-87d4-8cb0f7bc376f
1.649087852115e+24,INVOCATION,2e-05,88a2bf49-46ab-49cc-87d4-8cb0f7bc376f
1.649087852115e+24,TIME,7.56e-06,88a2bf49-46ab-49cc-87d4-8cb0f7bc376f
1.649087853096e+18,WRITE,0.0001525,b91f7e35-8601-4c50-b5fc-5414214bdafc
1.6490878530979999e+24,INVOCATION,2e-05,b91f7e35-8601-4c50-b5fc-5414214bdafc
1.6490878530979999e+24,TIME,3.78e-06,b91f7e35-8601-4c50-b5fc-5414214bdafc
1.649087854095e+18,WRITE,0.0001525,be9e226b-f0ca-4513-a4de-b6bf4c4844e7
1.649087854096e+24,INVOCATION,2e-05,be9e226b-f0ca-4513-a4de-b6bf4c4844e7
1.649087854096e+24,TIME,3.36e-06,be9e226b-f0ca-4513-a4de-b6bf4c4844e7
1.649087855098e+18,WRITE,0.0001525,4ce99940-01fa-4cc8-ac20-9ca9acafc3cf
1.649087855098e+24,INVOCATION,2e-05,4ce99940-01fa-4cc8-ac20-9ca9acafc3cf
1.649087855098e+24,TIME,3.78e-06,4ce99940-01fa-4cc8-ac20-9ca9acafc3cf
1.649087856115e+18,WRITE,0.0001525,95e1faab-90f2-486f-b505-10ed5e04b520
1.649087856116e+24,INVOCATION,2e-05,95e1faab-90f2-486f-b505-10ed5e04b520
1.649087856116e+24,TIME,8.400000000000001e-06,95e1faab-90f2-486f-b505-10ed5e04b520
1.649087857114e+18,WRITE,0.0001525,50596523-b763-4c0f-8b2d-deb8b6e05c59
1.649087857115e+24,INVOCATION,2e-05,50596523-b763-4c0f-8b2d-deb8b6e05c59
1.649087857115e+24,TIME,9.66e-06,50596523-b763-4c0f-8b2d-deb8b6e05c59
1.649087858114e+18,WRITE,0.0001525,6240b50c-f000-430e-b9ff-94eb68eab1e0
1.649087858115e+24,INVOCATION,2e-05,6240b50c-f000-430e-b9ff-94eb68eab1e0
1.649087858115e+24,TIME,5.8800000000000005e-06,6240b50c-f000-430e-b9ff-94eb68eab1e0
1.649087859109e+18,WRITE,0.0001525,799a7e80-c93b-46e9-a4b0-969bc3266cd6
1.6490878591139997e+24,INVOCATION,2e-05,799a7e80-c93b-46e9-a4b0-969bc3266cd6
1.6490878591139997e+24,TIME,5.46e-06,799a7e80-c93b-46e9-a4b0-969bc3266cd6
1.649087860155e+18,WRITE,0.0001525,29cdb33e-4013-47c7-b036-457dfe3c51c1
1.649087860175e+24,INVOCATION,2e-05,29cdb33e-4013-47c7-b036-457dfe3c51c1
1.649087860175e+24,TIME,3.066e-05,29cdb33e-4013-47c7-b036-457dfe3c51c1
1.649087861118e+18,WRITE,0.0001525,0fc645c5-2cf8-4455-8399-6da8d36b1953
1.649087861119e+24,INVOCATION,2e-05,0fc645c5-2cf8-4455-8399-6da8d36b1953
1.649087861119e+24,TIME,7.140000000000001e-06,0fc645c5-2cf8-4455-8399-6da8d36b1953
1.649087862174e+18,WRITE,0.0001525,d25b44ef-0590-465f-9a69-b12682837903
1.649087862175e+24,INVOCATION,2e-05,d25b44ef-0590-465f-9a69-b12682837903
1.649087862175e+24,TIME,2.3520000000000002e-05,d25b44ef-0590-465f-9a69-b12682837903
1.649087863095e+18,WRITE,0.0001525,2d91db02-43de-487e-86a6-88c38543afd6
1.649087863097e+24,INVOCATION,2e-05,2d91db02-43de-487e-86a6-88c38543afd6
1.649087863097e+24,TIME,3.78e-06,2d91db02-43de-487e-86a6-88c38543afd6
1.649087864115e+18,WRITE,0.0001525,2b1394f6-d90e-4fd8-b436-ff5d5bdb6e92
1.649087864117e+24,INVOCATION,2e-05,2b1394f6-d90e-4fd8-b436-ff5d5bdb6e92
1.649087864117e+24,TIME,1.008e-05,2b1394f6-d90e-4fd8-b436-ff5d5bdb6e92
1.649087865115e+18,WRITE,0.0001525,b4662d99-5526-4640-9d16-24a3786cca28
1.649087865116e+24,INVOCATION,2e-05,b4662d99-5526-4640-9d16-24a3786cca28
1.649087865116e+24,TIME,9.66e-06,b4662d99-5526-4640-9d16-24a3786cca28
1.649087866115e+18,WRITE,0.0001525,6ffb9d4c-f9b6-4f0e-92ff-e62c2c797f44
1.6490878661150002e+24,INVOCATION,2e-05,6ffb9d4c-f9b6-4f0e-92ff-e62c2c797f44
1.6490878661150002e+24,TIME,8.82e-06,6ffb9d4c-f9b6-4f0e-92ff-e62c2c797f44
1.649087867115e+18,WRITE,0.0001525,d6a7e483-b745-4019-81cd-77e3e4c18064
1.649087867116e+24,INVOCATION,2e-05,d6a7e483-b745-4019-81cd-77e3e4c18064
1.649087867116e+24,TIME,6.72e-06,d6a7e483-b745-4019-81cd-77e3e4c18064
1.649087868115e+18,WRITE,0.0001525,7841046b-c9ba-4fc6-909d-bd70c31c9c3f
1.649087868116e+24,INVOCATION,2e-05,7841046b-c9ba-4fc6-909d-bd70c31c9c3f
1.649087868116e+24,TIME,1.0500000000000001e-05,7841046b-c9ba-4fc6-909d-bd70c31c9c3f
1.649087869097e+18,WRITE,0.0001525,fb7c6e8b-3404-4a3a-9511-60bcbc5b8b73
1.649087869098e+24,INVOCATION,2e-05,fb7c6e8b-3404-4a3a-9511-60bcbc5b8b73
1.649087869098e+24,TIME,3.78e-06,fb7c6e8b-3404-4a3a-9511-60bcbc5b8b73
1.649087870096e+18,WRITE,0.0001525,b5c34aa9-02c1-4a96-8475-330fcad30b49
1.649087870097e+24,INVOCATION,2e-05,b5c34aa9-02c1-4a96-8475-330fcad30b49
1.649087870097e+24,TIME,4.62e-06,b5c34aa9-02c1-4a96-8475-330fcad30b49
1.649087871101e+18,WRITE,0.0001525,2a4f8e28-4570-4676-b2cb-8a9f1d8f1dc7
1.6490878711020003e+24,INVOCATION,2e-05,2a4f8e28-4570-4676-b2cb-8a9f1d8f1dc7
1.6490878711020003e+24,TIME,3.78e-06,2a4f8e28-4570-4676-b2cb-8a9f1d8f1dc7
1.649087872107e+18,WRITE,0.0001525,c7ac85a6-9203-4aa3-9a7c-f9c3bb7326d6
1.6490878721139998e+24,INVOCATION,2e-05,c7ac85a6-9203-4aa3-9a7c-f9c3bb7326d6
1.6490878721139998e+24,TIME,6.3e-06,c7ac85a6-9203-4aa3-9a7c-f9c3bb7326d6
1.649087873098e+18,WRITE,0.0001525,9f65abad-4989-424b-8f90-d04c4fd9c209
1.649087873099e+24,INVOCATION,2e-05,9f65abad-4989-424b-8f90-d04c4fd9c209
1.649087873099e+24,TIME,4.2000000000000004e-06,9f65abad-4989-424b-8f90-d04c4fd9c209
1.649087874115e+18,WRITE,0.0001525,911ceaf1-e329-4830-bb04-f254c990ba56
1.649087874115e+24,INVOCATION,2e-05,911ceaf1-e329-4830-bb04-f254c990ba56
1.649087874115e+24,TIME,7.140000000000001e-06,911ceaf1-e329-4830-bb04-f254c990ba56
1.649087875115e+18,WRITE,0.0001525,bcee0579-88b7-4f4d-9c0c-067a35ec6716
1.6490878751169998e+24,INVOCATION,2e-05,bcee0579-88b7-4f4d-9c0c-067a35ec6716
1.6490878751169998e+24,TIME,1.092e-05,bcee0579-88b7-4f4d-9c0c-067a35ec6716
1.649087876115e+18,WRITE,0.0001525,ae3325c6-896f-44ea-869e-6d73792788c6
1.649087876117e+24,INVOCATION,2e-05,ae3325c6-896f-44ea-869e-6d73792788c6
1.649087876117e+24,TIME,4.2000000000000004e-06,ae3325c6-896f-44ea-869e-6d73792788c6
1.649087877114e+18,WRITE,0.0001525,57e75480-51e0-4d36-8e55-a314b64c242f
1.649087877115e+24,INVOCATION,2e-05,57e75480-51e0-4d36-8e55-a314b64c242f
1.649087877115e+24,TIME,1.008e-05,57e75480-51e0-4d36-8e55-a314b64c242f
1.649087878115e+18,WRITE,0.0001525,7c701d14-4976-437b-80ed-92fa019750a4
1.649087878116e+24,INVOCATION,2e-05,7c701d14-4976-437b-80ed-92fa019750a4
1.649087878116e+24,TIME,8.82e-06,7c701d14-4976-437b-80ed-92fa019750a4
1.649087879116e+18,WRITE,0.0001525,f09339b1-dec2-41e5-9014-a6c3f166f8bc
1.649087879117e+24,INVOCATION,2e-05,f09339b1-dec2-41e5-9014-a6c3f166f8bc
1.649087879117e+24,TIME,1.008e-05,f09339b1-dec2-41e5-9014-a6c3f166f8bc
1.649087880099e+18,WRITE,0.0001525,03161fbd-123a-4a46-951c-3675de30415a
1.649087880115e+24,INVOCATION,2e-05,03161fbd-123a-4a46-951c-3675de30415a
1.649087880115e+24,TIME,9.66e-06,03161fbd-123a-4a46-951c-3675de30415a
1.6490878811e+18,WRITE,0.0001525,d4453b29-602f-4a07-a6ae-fd9c42e2ad09
1.6490878811139999e+24,INVOCATION,2e-05,d4453b29-602f-4a07-a6ae-fd9c42e2ad09
1.6490878811139999e+24,TIME,1.008e-05,d4453b29-602f-4a07-a6ae-fd9c42e2ad09
1.649087882135e+18,WRITE,0.0001525,15785c79-4c23-4242-bda1-c614e7ab2183
1.649087882136e+24,INVOCATION,2e-05,15785c79-4c23-4242-bda1-c614e7ab2183
1.649087882136e+24,TIME,1.26e-05,15785c79-4c23-4242-bda1-c614e7ab2183
1.649087883114e+18,WRITE,0.0001525,78a92916-5897-4d26-bda3-f96081e0ee14
1.6490878831150002e+24,INVOCATION,2e-05,78a92916-5897-4d26-bda3-f96081e0ee14
1.6490878831150002e+24,TIME,3.78e-06,78a92916-5897-4d26-bda3-f96081e0ee14
1.649087884114e+18,WRITE,0.0001525,f3e064d1-c579-4396-a5bf-85be7dfea3b3
1.649087884115e+24,INVOCATION,2e-05,f3e064d1-c579-4396-a5bf-85be7dfea3b3
1.649087884115e+24,TIME,7.56e-06,f3e064d1-c579-4396-a5bf-85be7dfea3b3
1.649087885097e+18,WRITE,0.0001525,aae25505-f98f-4ab1-843d-efe0b0ccf047
1.649087885097e+24,INVOCATION,2e-05,aae25505-f98f-4ab1-843d-efe0b0ccf047
1.649087885097e+24,TIME,3.36e-06,aae25505-f98f-4ab1-843d-efe0b0ccf047
1.649087886114e+18,WRITE,0.0001525,3bb5cbc7-6519-4957-90e0-1d40499e930a
1.6490878861150002e+24,INVOCATION,2e-05,3bb5cbc7-6519-4957-90e0-1d40499e930a
1.6490878861150002e+24,TIME,1.008e-05,3bb5cbc7-6519-4957-90e0-1d40499e930a
1.649087887154e+18,WRITE,0.0001525,d9074865-391e-4042-ba62-d28ca47b7d80
1.649087887155e+24,INVOCATION,2e-05,d9074865-391e-4042-ba62-d28ca47b7d80
1.649087887155e+24,TIME,2.226e-05,d9074865-391e-4042-ba62-d28ca47b7d80
1.649087888135e+18,WRITE,0.0001525,eb82eed5-14e1-458a-91cb-8f30e5922f86
1.649087888136e+24,INVOCATION,2e-05,eb82eed5-14e1-458a-91cb-8f30e5922f86
1.649087888136e+24,TIME,1.638e-05,eb82eed5-14e1-458a-91cb-8f30e5922f86
1.649087889099e+18,WRITE,0.0001525,596898aa-0c05-4bc1-a626-52d0d9f4e9aa
1.6490878891139998e+24,INVOCATION,2e-05,596898aa-0c05-4bc1-a626-52d0d9f4e9aa
1.6490878891139998e+24,TIME,1.008e-05,596898aa-0c05-4bc1-a626-52d0d9f4e9aa
1.649087890114e+18,WRITE,0.0001525,9318c3c8-bf80-4bda-bf28-9aed158f6027
1.6490878901150001e+24,INVOCATION,2e-05,9318c3c8-bf80-4bda-bf28-9aed158f6027
1.6490878901150001e+24,TIME,7.98e-06,9318c3c8-bf80-4bda-bf28-9aed158f6027
1.649087891115e+18,WRITE,0.0001525,2e5cc198-38de-4bdd-9a88-ffbed8df842d
1.649087891135e+24,INVOCATION,2e-05,2e5cc198-38de-4bdd-9a88-ffbed8df842d
1.649087891135e+24,TIME,1.512e-05,2e5cc198-38de-4bdd-9a88-ffbed8df842d
1.649087892114e+18,WRITE,0.0001525,b2fa586d-4001-4314-b501-fdb5ec905fa1
1.649087892115e+24,INVOCATION,2e-05,b2fa586d-4001-4314-b501-fdb5ec905fa1
1.649087892115e+24,TIME,6.3e-06,b2fa586d-4001-4314-b501-fdb5ec905fa1
1.649087893135e+18,WRITE,0.0001525,1113c85e-af2e-4da0-9680-87f7f633142c
1.6490878931539998e+24,INVOCATION,2e-05,1113c85e-af2e-4da0-9680-87f7f633142c
1.6490878931539998e+24,TIME,2.3100000000000002e-05,1113c85e-af2e-4da0-9680-87f7f633142c
1.649087894155e+18,WRITE,0.0001525,3f7f04f6-8f73-4d54-8a38-f1659cbd6700
1.6490878941550002e+24,INVOCATION,2e-05,3f7f04f6-8f73-4d54-8a38-f1659cbd6700
1.6490878941550002e+24,TIME,2.5620000000000002e-05,3f7f04f6-8f73-4d54-8a38-f1659cbd6700
1.649087895097e+18,WRITE,0.0001525,74b2030e-39da-4c6a-99be-68986a0085ae
1.649087895098e+24,INVOCATION,2e-05,74b2030e-39da-4c6a-99be-68986a0085ae
1.649087895098e+24,TIME,3.36e-06,74b2030e-39da-4c6a-99be-68986a0085ae
1.649087896103e+18,WRITE,0.0001525,b01a6dee-c185-4950-95b5-e7460bd7936d
1.6490878961150002e+24,INVOCATION,2e-05,b01a6dee-c185-4950-95b5-e7460bd7936d
1.6490878961150002e+24,TIME,7.98e-06,b01a6dee-c185-4950-95b5-e7460bd7936d
1.649087897099e+18,WRITE,0.0001525,758dc105-c028-4ef6-92db-61967e119490
1.649087897114e+24,INVOCATION,2e-05,758dc105-c028-4ef6-92db-61967e119490
1.649087897114e+24,TIME,9.66e-06,758dc105-c028-4ef6-92db-61967e119490
1.649087898115e+18,WRITE,0.0001525,766d08eb-0c18-48c6-b2bc-fe11854a5dff
1.649087898116e+24,INVOCATION,2e-05,766d08eb-0c18-48c6-b2bc-fe11854a5dff
1.649087898116e+24,TIME,1.008e-05,766d08eb-0c18-48c6-b2bc-fe11854a5dff
1.649087899114e+18,WRITE,0.0001525,892df06f-340e-433f-9d37-d149fe17c58e
1.649087899115e+24,INVOCATION,2e-05,892df06f-340e-433f-9d37-d149fe17c58e
1.649087899115e+24,TIME,1.008e-05,892df06f-340e-433f-9d37-d149fe17c58e
1.649087900115e+18,WRITE,0.0001525,eae4df5e-bb1b-4fcf-a135-d01e7ecb6593
1.649087900116e+24,INVOCATION,2e-05,eae4df5e-bb1b-4fcf-a135-d01e7ecb6593
1.649087900116e+24,TIME,7.140000000000001e-06,eae4df5e-bb1b-4fcf-a135-d01e7ecb6593
1.649087901115e+18,WRITE,0.0001525,2686a921-2396-4c23-a334-a24686b3db20
1.649087901116e+24,INVOCATION,2e-05,2686a921-2396-4c23-a334-a24686b3db20
1.649087901116e+24,TIME,1.0500000000000001e-05,2686a921-2396-4c23-a334-a24686b3db20
1.649087902098e+18,WRITE,0.0001525,47ab4750-0d6d-42e0-b1b6-b1d29dae08c3
1.649087902098e+24,INVOCATION,2e-05,47ab4750-0d6d-42e0-b1b6-b1d29dae08c3
1.649087902098e+24,TIME,3.78e-06,47ab4750-0d6d-42e0-b1b6-b1d29dae08c3
1.649087903097e+18,WRITE,0.0001525,ff5eccd9-8a00-4aa1-bec2-e0e4bad994f8
1.649087903098e+24,INVOCATION,2e-05,ff5eccd9-8a00-4aa1-bec2-e0e4bad994f8
1.649087903098e+24,TIME,3.36e-06,ff5eccd9-8a00-4aa1-bec2-e0e4bad994f8
1.649087904155e+18,WRITE,0.0001525,615603cc-b41f-4d33-ad8d-4b678ab8e580
1.649087904156e+24,INVOCATION,2e-05,615603cc-b41f-4d33-ad8d-4b678ab8e580
1.649087904156e+24,TIME,2.7300000000000003e-05,615603cc-b41f-4d33-ad8d-4b678ab8e580
1.649087905097e+18,WRITE,0.0001525,2261873f-21e0-4a09-9f20-e1e3baabe9d1
1.649087905098e+24,INVOCATION,2e-05,2261873f-21e0-4a09-9f20-e1e3baabe9d1
1.649087905098e+24,TIME,3.36e-06,2261873f-21e0-4a09-9f20-e1e3baabe9d1
1.64908790612e+18,WRITE,0.0001525,54377b60-641d-49c3-98c0-0adc153a5b72
1.649087906134e+24,INVOCATION,2e-05,54377b60-641d-49c3-98c0-0adc153a5b72
1.649087906134e+24,TIME,9.66e-06,54377b60-641d-49c3-98c0-0adc153a5b72
1.649087907099e+18,WRITE,0.0001525,bef689f3-35b4-426c-8ec3-8345b7d35270
1.6490879071e+24,INVOCATION,2e-05,bef689f3-35b4-426c-8ec3-8345b7d35270
1.6490879071e+24,TIME,5.46e-06,bef689f3-35b4-426c-8ec3-8345b7d35270
1.649087908117e+18,WRITE,0.0001525,7f73bd8b-b002-4911-b400-19418d133704
1.649087908118e+24,INVOCATION,2e-05,7f73bd8b-b002-4911-b400-19418d133704
1.649087908118e+24,TIME,1.134e-05,7f73bd8b-b002-4911-b400-19418d133704
1.649087909095e+18,WRITE,0.0001525,8642b9dd-622c-4a60-9b41-fd8d126b3d34
1.649087909096e+24,INVOCATION,2e-05,8642b9dd-622c-4a60-9b41-fd8d126b3d34
1.649087909096e+24,TIME,4.2000000000000004e-06,8642b9dd-622c-4a60-9b41-fd8d126b3d34
1.649087910115e+18,WRITE,0.0001525,55457e5e-2e15-4a2d-b19a-4b6528351a13
1.649087910117e+24,INVOCATION,2e-05,55457e5e-2e15-4a2d-b19a-4b6528351a13
1.649087910117e+24,TIME,6.3e-06,55457e5e-2e15-4a2d-b19a-4b6528351a13
1.6490879111e+18,WRITE,0.0001525,fbfae540-eb2c-42dc-b5e5-6958095b429b
1.649087911115e+24,INVOCATION,2e-05,fbfae540-eb2c-42dc-b5e5-6958095b429b
1.649087911115e+24,TIME,9.24e-06,fbfae540-eb2c-42dc-b5e5-6958095b429b
1.649087912116e+18,WRITE,0.0001525,3718df5a-81d4-4998-8420-3d9cad3caf19
1.6490879121169998e+24,INVOCATION,2e-05,3718df5a-81d4-4998-8420-3d9cad3caf19
1.6490879121169998e+24,TIME,9.24e-06,3718df5a-81d4-4998-8420-3d9cad3caf19
1.649087913135e+18,WRITE,0.0001525,f8e5615a-ade8-45c8-9c80-74995888b614
1.649087913136e+24,INVOCATION,2e-05,f8e5615a-ade8-45c8-9c80-74995888b614
1.649087913136e+24,TIME,1.0500000000000001e-05,f8e5615a-ade8-45c8-9c80-74995888b614
1.649087914098e+18,WRITE,0.0001525,bb25b34a-1b4b-4b99-a04d-f54d3144162e
1.6490879140979998e+24,INVOCATION,2e-05,bb25b34a-1b4b-4b99-a04d-f54d3144162e
1.6490879140979998e+24,TIME,3.36e-06,bb25b34a-1b4b-4b99-a04d-f54d3144162e
1.649087915099e+18,WRITE,0.0001525,70d9802e-0dff-4a39-a634-55979dc7ca8a
1.6490879150990002e+24,INVOCATION,2e-05,70d9802e-0dff-4a39-a634-55979dc7ca8a
1.6490879150990002e+24,TIME,3.78e-06,70d9802e-0dff-4a39-a634-55979dc7ca8a
1.649087916096e+18,WRITE,0.0001525,c5741770-8e79-40e2-a2f3-87ceb3ba7851
1.649087916097e+24,INVOCATION,2e-05,c5741770-8e79-40e2-a2f3-87ceb3ba7851
1.649087916097e+24,TIME,3.78e-06,c5741770-8e79-40e2-a2f3-87ceb3ba7851
1.649087917135e+18,WRITE,0.0001525,28d69ce1-0033-4c84-bec2-57df623c67c6
1.649087917136e+24,INVOCATION,2e-05,28d69ce1-0033-4c84-bec2-57df623c67c6
1.649087917136e+24,TIME,2.0580000000000003e-05,28d69ce1-0033-4c84-bec2-57df623c67c6
1.649087918113e+18,WRITE,0.0001525,099c4322-10d3-4fcd-bdb2-8d64a00d6385
1.6490879181139999e+24,INVOCATION,2e-05,099c4322-10d3-4fcd-bdb2-8d64a00d6385
1.6490879181139999e+24,TIME,3.78e-06,099c4322-10d3-4fcd-bdb2-8d64a00d6385
1.6490879191e+18,WRITE,0.0001525,21b41d84-ac61-43cc-815c-1797d0c44d57
1.6490879191139998e+24,INVOCATION,2e-05,21b41d84-ac61-43cc-815c-1797d0c44d57
1.6490879191139998e+24,TIME,9.24e-06,21b41d84-ac61-43cc-815c-1797d0c44d57
1.649087920096e+18,WRITE,0.0001525,e01aa5e1-aef0-4e8a-a338-357bdc1897e4
1.649087920097e+24,INVOCATION,2e-05,e01aa5e1-aef0-4e8a-a338-357bdc1897e4
1.649087920097e+24,TIME,3.78e-06,e01aa5e1-aef0-4e8a-a338-357bdc1897e4
1.649087921098e+18,WRITE,0.0001525,f6e049b5-62f4-46ec-b3f6-ffcd4fd8970c
1.649087921099e+24,INVOCATION,2e-05,f6e049b5-62f4-46ec-b3f6-ffcd4fd8970c
1.649087921099e+24,TIME,3.78e-06,f6e049b5-62f4-46ec-b3f6-ffcd4fd8970c
1.649087923376e+24,INVOCATION,2e-05,132417b5-7122-4b70-98d3-82bb9efadd37
1.649087923376e+24,TIME,0.00012137999999999999,132417b5-7122-4b70-98d3-82bb9efadd37
